Generacion; best; promedio; cuartil3; max; min; quartil1
1.000000; 0.312014; 0.686409; 0.686736; 0.687986; 0.685512; 0.685999
2.000000; 0.312014; 0.686739; 0.687341; 0.687986; 0.686253; 0.686452
3.000000; 0.311608; 0.687637; 0.687986; 0.688392; 0.686478; 0.687341
4.000000; 0.311121; 0.687986; 0.688327; 0.688879; 0.687155; 0.687682
5.000000; 0.310490; 0.688314; 0.688392; 0.689510; 0.687183; 0.687997
6.000000; 0.310136; 0.688559; 0.688978; 0.689864; 0.688262; 0.688392
7.000000; 0.310008; 0.689418; 0.689530; 0.689992; 0.687836; 0.688759
8.000000; 0.309753; 0.689530; 0.689864; 0.690247; 0.688818; 0.689510
9.000000; 0.309497; 0.689919; 0.690200; 0.690503; 0.688759; 0.689530
10.000000; 0.309064; 0.690194; 0.690247; 0.690936; 0.689470; 0.689844
11.000000; 0.308434; 0.690247; 0.690503; 0.691566; 0.688353; 0.690118
12.000000; 0.308038; 0.690503; 0.691199; 0.691962; 0.689121; 0.690395
13.000000; 0.307623; 0.691322; 0.691639; 0.692377; 0.689659; 0.690763
14.000000; 0.306894; 0.691859; 0.692377; 0.693106; 0.690655; 0.691411
15.000000; 0.306894; 0.692377; 0.692860; 0.693106; 0.690377; 0.692167
16.000000; 0.306052; 0.693106; 0.693106; 0.693948; 0.690694; 0.692377
17.000000; 0.306052; 0.693106; 0.693106; 0.693948; 0.689827; 0.693073
18.000000; 0.306052; 0.693106; 0.693948; 0.693948; 0.689313; 0.693106
19.000000; 0.306052; 0.693948; 0.693948; 0.693948; 0.690905; 0.693106
20.000000; 0.306052; 0.693948; 0.693948; 0.693948; 0.689554; 0.693948
21.000000; 0.306052; 0.693948; 0.693948; 0.693948; 0.690797; 0.693948
22.000000; 0.305043; 0.693948; 0.693948; 0.694957; 0.692281; 0.693948
23.000000; 0.305043; 0.693948; 0.693948; 0.694957; 0.691319; 0.693948
24.000000; 0.305043; 0.694957; 0.694957; 0.694957; 0.689979; 0.693948
25.000000; 0.305043; 0.694957; 0.694957; 0.694957; 0.690903; 0.694957
26.000000; 0.305043; 0.694957; 0.694957; 0.694957; 0.690737; 0.694957
27.000000; 0.305043; 0.694957; 0.694957; 0.694957; 0.690983; 0.694957
28.000000; 0.305043; 0.694957; 0.694957; 0.694957; 0.690584; 0.694957
29.000000; 0.305043; 0.694957; 0.694957; 0.694957; 0.690409; 0.694957
30.000000; 0.301619; 0.694957; 0.694957; 0.698381; 0.692615; 0.694957
31.000000; 0.301619; 0.694957; 0.694957; 0.698381; 0.691109; 0.694957
32.000000; 0.301619; 0.694957; 0.698381; 0.698381; 0.690333; 0.694957
33.000000; 0.301446; 0.698381; 0.698381; 0.698554; 0.691817; 0.698381
34.000000; 0.295442; 0.698381; 0.698554; 0.704558; 0.691521; 0.698381
35.000000; 0.295442; 0.698381; 0.698554; 0.704558; 0.000000; 0.698381
36.000000; 0.295442; 0.698554; 0.704558; 0.704558; 0.000000; 0.698381
37.000000; 0.295442; 0.703558; 0.704558; 0.704558; 0.000000; 0.695824
38.000000; 0.295442; 0.704558; 0.704558; 0.704558; 0.693833; 0.704558
39.000000; 0.295442; 0.704558; 0.704558; 0.704558; 0.692917; 0.704558
40.000000; 0.295442; 0.704558; 0.704558; 0.704558; 0.692999; 0.704558
41.000000; 0.295442; 0.704558; 0.704558; 0.704558; 0.692676; 0.704558
42.000000; 0.295442; 0.704558; 0.704558; 0.704558; 0.692356; 0.704558
43.000000; 0.295442; 0.704558; 0.704558; 0.704558; 0.691706; 0.704558
44.000000; 0.295442; 0.704558; 0.704558; 0.704558; 0.693464; 0.704558
45.000000; 0.294844; 0.704558; 0.704558; 0.705156; 0.696088; 0.704558
46.000000; 0.294844; 0.704558; 0.704558; 0.705156; 0.691159; 0.704558
47.000000; 0.294844; 0.704558; 0.705156; 0.705156; 0.000000; 0.704558
48.000000; 0.294844; 0.705156; 0.705156; 0.705156; 0.692079; 0.705156
49.000000; 0.294844; 0.705156; 0.705156; 0.705156; 0.693792; 0.705156
50.000000; 0.294844; 0.705156; 0.705156; 0.705156; 0.694309; 0.705156
51.000000; 0.294844; 0.705156; 0.705156; 0.705156; 0.693468; 0.705156
52.000000; 0.294844; 0.705156; 0.705156; 0.705156; 0.693375; 0.705156
53.000000; 0.294844; 0.705156; 0.705156; 0.705156; 0.693237; 0.705156
54.000000; 0.294844; 0.705156; 0.705156; 0.705156; 0.693175; 0.705156
55.000000; 0.294844; 0.705156; 0.705156; 0.705156; 0.695983; 0.705156
56.000000; 0.294844; 0.705156; 0.705156; 0.705156; 0.693477; 0.705156
57.000000; 0.294844; 0.705156; 0.705156; 0.705156; 0.692575; 0.705156
58.000000; 0.294844; 0.705156; 0.705156; 0.705156; 0.693574; 0.705156
59.000000; 0.294844; 0.705156; 0.705156; 0.705156; 0.692078; 0.705156
60.000000; 0.294844; 0.705156; 0.705156; 0.705156; 0.694064; 0.705156
61.000000; 0.294844; 0.705156; 0.705156; 0.705156; 0.693924; 0.705156
62.000000; 0.294844; 0.705156; 0.705156; 0.705156; 0.690368; 0.705156
63.000000; 0.294844; 0.705156; 0.705156; 0.705156; 0.692449; 0.705156
64.000000; 0.294844; 0.705156; 0.705156; 0.705156; 0.693999; 0.705156
65.000000; 0.294844; 0.705156; 0.705156; 0.705156; 0.696504; 0.705156
66.000000; 0.294844; 0.705156; 0.705156; 0.705156; 0.695325; 0.705156
67.000000; 0.294844; 0.705156; 0.705156; 0.705156; 0.691604; 0.705156
68.000000; 0.294844; 0.705156; 0.705156; 0.705156; 0.689925; 0.705156
69.000000; 0.294844; 0.705156; 0.705156; 0.705156; 0.696512; 0.705156
70.000000; 0.294844; 0.705156; 0.705156; 0.705156; 0.695415; 0.705156
71.000000; 0.294844; 0.705156; 0.705156; 0.705156; 0.693410; 0.705156
72.000000; 0.294844; 0.705156; 0.705156; 0.705156; 0.698056; 0.705156
73.000000; 0.294844; 0.705156; 0.705156; 0.705156; 0.694642; 0.705156
74.000000; 0.287918; 0.705156; 0.705156; 0.712082; 0.694063; 0.705156
75.000000; 0.287918; 0.705156; 0.705156; 0.712082; 0.692382; 0.705156
76.000000; 0.287918; 0.705156; 0.712082; 0.712082; 0.694945; 0.705156
77.000000; 0.287918; 0.712082; 0.712082; 0.712082; 0.693682; 0.705156
78.000000; 0.287918; 0.712082; 0.712082; 0.712082; 0.692615; 0.712082
79.000000; 0.287918; 0.712082; 0.712082; 0.712082; 0.691633; 0.712082
80.000000; 0.287918; 0.712082; 0.712082; 0.712082; 0.693971; 0.712082
81.000000; 0.287918; 0.712082; 0.712082; 0.712082; 0.691822; 0.712082
82.000000; 0.287918; 0.712082; 0.712082; 0.712082; 0.693220; 0.712082
83.000000; 0.287918; 0.712082; 0.712082; 0.712082; 0.691640; 0.712082
84.000000; 0.287918; 0.712082; 0.712082; 0.712082; 0.689858; 0.712082
85.000000; 0.287918; 0.712082; 0.712082; 0.712082; 0.697584; 0.712082
86.000000; 0.287918; 0.712082; 0.712082; 0.712082; 0.694038; 0.712082
87.000000; 0.287918; 0.712082; 0.712082; 0.712082; 0.692045; 0.712082
88.000000; 0.287918; 0.712082; 0.712082; 0.712082; 0.694720; 0.712082
89.000000; 0.287918; 0.712082; 0.712082; 0.712082; 0.694808; 0.712082
90.000000; 0.287918; 0.712082; 0.712082; 0.712082; 0.691369; 0.712082
91.000000; 0.287918; 0.712082; 0.712082; 0.712082; 0.694673; 0.712082
92.000000; 0.287918; 0.712082; 0.712082; 0.712082; 0.695843; 0.712082
93.000000; 0.287918; 0.712082; 0.712082; 0.712082; 0.692381; 0.712082
94.000000; 0.287918; 0.712082; 0.712082; 0.712082; 0.693548; 0.712082
95.000000; 0.287918; 0.712082; 0.712082; 0.712082; 0.697947; 0.712082
96.000000; 0.287918; 0.712082; 0.712082; 0.712082; 0.694544; 0.712082
97.000000; 0.287918; 0.712082; 0.712082; 0.712082; 0.697913; 0.712082
98.000000; 0.287918; 0.712082; 0.712082; 0.712082; 0.693329; 0.712082
99.000000; 0.287918; 0.712082; 0.712082; 0.712082; 0.692524; 0.712082
100.000000; 0.287918; 0.712082; 0.712082; 0.712082; 0.689655; 0.712082
101.000000; 0.287918; 0.712082; 0.712082; 0.712082; 0.694040; 0.712082
102.000000; 0.287918; 0.712082; 0.712082; 0.712082; 0.692357; 0.712082
103.000000; 0.287918; 0.712082; 0.712082; 0.712082; 0.694275; 0.712082
104.000000; 0.287918; 0.712082; 0.712082; 0.712082; 0.692943; 0.712082
105.000000; 0.287918; 0.712082; 0.712082; 0.712082; 0.692593; 0.712082
106.000000; 0.287918; 0.712082; 0.712082; 0.712082; 0.694215; 0.712082
107.000000; 0.287918; 0.712082; 0.712082; 0.712082; 0.695969; 0.712082
108.000000; 0.287918; 0.712082; 0.712082; 0.712082; 0.694072; 0.712082
109.000000; 0.287918; 0.712082; 0.712082; 0.712082; 0.692529; 0.712082
110.000000; 0.287918; 0.712082; 0.712082; 0.712082; 0.690407; 0.712082
111.000000; 0.287918; 0.712082; 0.712082; 0.712082; 0.693825; 0.712082
112.000000; 0.287918; 0.712082; 0.712082; 0.712082; 0.692242; 0.712082
113.000000; 0.287918; 0.712082; 0.712082; 0.712082; 0.692220; 0.712082
114.000000; 0.287918; 0.712082; 0.712082; 0.712082; 0.694694; 0.712082
115.000000; 0.287918; 0.712082; 0.712082; 0.712082; 0.693093; 0.712082
116.000000; 0.287918; 0.712082; 0.712082; 0.712082; 0.696092; 0.712082
117.000000; 0.287918; 0.712082; 0.712082; 0.712082; 0.696744; 0.712082
118.000000; 0.287918; 0.712082; 0.712082; 0.712082; 0.691188; 0.712082
119.000000; 0.287918; 0.712082; 0.712082; 0.712082; 0.691375; 0.712082
120.000000; 0.287918; 0.712082; 0.712082; 0.712082; 0.000000; 0.712082
121.000000; 0.287918; 0.712082; 0.712082; 0.712082; 0.692778; 0.712082
122.000000; 0.287918; 0.712082; 0.712082; 0.712082; 0.693976; 0.712082
123.000000; 0.287918; 0.712082; 0.712082; 0.712082; 0.691265; 0.712082
124.000000; 0.287918; 0.712082; 0.712082; 0.712082; 0.000000; 0.712082
125.000000; 0.287918; 0.712082; 0.712082; 0.712082; 0.697562; 0.712082
126.000000; 0.287918; 0.712082; 0.712082; 0.712082; 0.692122; 0.712082
127.000000; 0.287918; 0.712082; 0.712082; 0.712082; 0.690648; 0.712082
128.000000; 0.287918; 0.712082; 0.712082; 0.712082; 0.692831; 0.712082
129.000000; 0.287918; 0.712082; 0.712082; 0.712082; 0.693702; 0.712082
130.000000; 0.287918; 0.712082; 0.712082; 0.712082; 0.694695; 0.712082
131.000000; 0.287918; 0.712082; 0.712082; 0.712082; 0.000000; 0.712082
132.000000; 0.287918; 0.712082; 0.712082; 0.712082; 0.694047; 0.712082
133.000000; 0.287918; 0.712082; 0.712082; 0.712082; 0.696053; 0.712082
134.000000; 0.287918; 0.712082; 0.712082; 0.712082; 0.693322; 0.712082
135.000000; 0.287918; 0.712082; 0.712082; 0.712082; 0.695345; 0.712082
136.000000; 0.287918; 0.712082; 0.712082; 0.712082; 0.692940; 0.712082
137.000000; 0.287918; 0.712082; 0.712082; 0.712082; 0.000000; 0.712082
138.000000; 0.287918; 0.712082; 0.712082; 0.712082; 0.698246; 0.712082
139.000000; 0.287918; 0.712082; 0.712082; 0.712082; 0.695306; 0.712082
140.000000; 0.287918; 0.712082; 0.712082; 0.712082; 0.695114; 0.712082
141.000000; 0.287918; 0.712082; 0.712082; 0.712082; 0.694165; 0.712082
142.000000; 0.287918; 0.712082; 0.712082; 0.712082; 0.689042; 0.712082
143.000000; 0.287918; 0.712082; 0.712082; 0.712082; 0.690803; 0.712082
144.000000; 0.287918; 0.712082; 0.712082; 0.712082; 0.692142; 0.712082
145.000000; 0.287918; 0.712082; 0.712082; 0.712082; 0.693511; 0.712082
146.000000; 0.287918; 0.712082; 0.712082; 0.712082; 0.692985; 0.712082
147.000000; 0.287918; 0.712082; 0.712082; 0.712082; 0.690524; 0.712082
148.000000; 0.287918; 0.712082; 0.712082; 0.712082; 0.694227; 0.712082
149.000000; 0.287918; 0.712082; 0.712082; 0.712082; 0.690711; 0.712082
150.000000; 0.287918; 0.712082; 0.712082; 0.712082; 0.692351; 0.712082
151.000000; 0.287918; 0.712082; 0.712082; 0.712082; 0.690280; 0.712082
152.000000; 0.287918; 0.712082; 0.712082; 0.712082; 0.690681; 0.712082
153.000000; 0.287918; 0.712082; 0.712082; 0.712082; 0.692386; 0.712082
154.000000; 0.287918; 0.712082; 0.712082; 0.712082; 0.693872; 0.712082
155.000000; 0.287918; 0.712082; 0.712082; 0.712082; 0.693254; 0.712082
156.000000; 0.287918; 0.712082; 0.712082; 0.712082; 0.698929; 0.712082
157.000000; 0.287918; 0.712082; 0.712082; 0.712082; 0.690222; 0.712082
158.000000; 0.287918; 0.712082; 0.712082; 0.712082; 0.698246; 0.712082
159.000000; 0.287918; 0.712082; 0.712082; 0.712082; 0.692623; 0.712082
160.000000; 0.287918; 0.712082; 0.712082; 0.712082; 0.692751; 0.712082
161.000000; 0.287918; 0.712082; 0.712082; 0.712082; 0.696744; 0.712082
162.000000; 0.287918; 0.712082; 0.712082; 0.712082; 0.693971; 0.712082
163.000000; 0.287918; 0.712082; 0.712082; 0.712082; 0.697405; 0.712082
164.000000; 0.287918; 0.712082; 0.712082; 0.712082; 0.694451; 0.712082
165.000000; 0.287918; 0.712082; 0.712082; 0.712082; 0.698512; 0.712082
166.000000; 0.287918; 0.712082; 0.712082; 0.712082; 0.693846; 0.712082
167.000000; 0.287918; 0.712082; 0.712082; 0.712082; 0.000000; 0.712082
168.000000; 0.287918; 0.712082; 0.712082; 0.712082; 0.692500; 0.712082
169.000000; 0.287918; 0.712082; 0.712082; 0.712082; 0.693517; 0.712082
170.000000; 0.287918; 0.712082; 0.712082; 0.712082; 0.691500; 0.712082
171.000000; 0.287918; 0.712082; 0.712082; 0.712082; 0.692381; 0.712082
172.000000; 0.287918; 0.712082; 0.712082; 0.712082; 0.694899; 0.712082
173.000000; 0.287918; 0.712082; 0.712082; 0.712082; 0.694096; 0.712082
174.000000; 0.287918; 0.712082; 0.712082; 0.712082; 0.690978; 0.712082
175.000000; 0.287918; 0.712082; 0.712082; 0.712082; 0.694581; 0.712082
176.000000; 0.287918; 0.712082; 0.712082; 0.712082; 0.697046; 0.712082
177.000000; 0.287918; 0.712082; 0.712082; 0.712082; 0.692623; 0.712082
178.000000; 0.287918; 0.712082; 0.712082; 0.712082; 0.693903; 0.712082
179.000000; 0.287918; 0.712082; 0.712082; 0.712082; 0.695978; 0.712082
180.000000; 0.287918; 0.712082; 0.712082; 0.712082; 0.693857; 0.712082
181.000000; 0.287918; 0.712082; 0.712082; 0.712082; 0.692083; 0.712082
182.000000; 0.287918; 0.712082; 0.712082; 0.712082; 0.000000; 0.712082
183.000000; 0.287918; 0.712082; 0.712082; 0.712082; 0.694121; 0.712082
184.000000; 0.287918; 0.712082; 0.712082; 0.712082; 0.694673; 0.712082
185.000000; 0.287918; 0.712082; 0.712082; 0.712082; 0.694673; 0.712082
186.000000; 0.287918; 0.712082; 0.712082; 0.712082; 0.693014; 0.712082
187.000000; 0.287918; 0.712082; 0.712082; 0.712082; 0.694673; 0.712082
188.000000; 0.287918; 0.712082; 0.712082; 0.712082; 0.000000; 0.712082
189.000000; 0.287918; 0.712082; 0.712082; 0.712082; 0.695092; 0.712082
190.000000; 0.287918; 0.712082; 0.712082; 0.712082; 0.691882; 0.712082
191.000000; 0.287918; 0.712082; 0.712082; 0.712082; 0.694788; 0.712082
192.000000; 0.287918; 0.712082; 0.712082; 0.712082; 0.695695; 0.712082
193.000000; 0.287918; 0.712082; 0.712082; 0.712082; 0.690082; 0.712082
194.000000; 0.287918; 0.712082; 0.712082; 0.712082; 0.696819; 0.712082
195.000000; 0.287918; 0.712082; 0.712082; 0.712082; 0.690140; 0.712082
196.000000; 0.287918; 0.712082; 0.712082; 0.712082; 0.692933; 0.712082
197.000000; 0.287918; 0.712082; 0.712082; 0.712082; 0.692212; 0.712082
198.000000; 0.287918; 0.712082; 0.712082; 0.712082; 0.692391; 0.712082
199.000000; 0.287918; 0.712082; 0.712082; 0.712082; 0.692287; 0.712082
200.000000; 0.287918; 0.712082; 0.712082; 0.712082; 0.690420; 0.712082
201.000000; 0.287918; 0.712082; 0.712082; 0.712082; 0.694061; 0.712082
202.000000; 0.287918; 0.712082; 0.712082; 0.712082; 0.692940; 0.712082
203.000000; 0.287918; 0.712082; 0.712082; 0.712082; 0.692182; 0.712082
204.000000; 0.287918; 0.712082; 0.712082; 0.712082; 0.693104; 0.712082
205.000000; 0.287918; 0.712082; 0.712082; 0.712082; 0.695474; 0.712082
206.000000; 0.287918; 0.712082; 0.712082; 0.712082; 0.693301; 0.712082
207.000000; 0.287918; 0.712082; 0.712082; 0.712082; 0.000000; 0.712082
208.000000; 0.287918; 0.712082; 0.712082; 0.712082; 0.000000; 0.712082
209.000000; 0.287918; 0.712082; 0.712082; 0.712082; 0.691921; 0.712082
210.000000; 0.287918; 0.712082; 0.712082; 0.712082; 0.690360; 0.712082
211.000000; 0.287918; 0.712082; 0.712082; 0.712082; 0.691379; 0.712082
212.000000; 0.287918; 0.712082; 0.712082; 0.712082; 0.692638; 0.712082
213.000000; 0.287918; 0.712082; 0.712082; 0.712082; 0.692857; 0.712082
214.000000; 0.287918; 0.712082; 0.712082; 0.712082; 0.693090; 0.712082
215.000000; 0.287918; 0.712082; 0.712082; 0.712082; 0.695236; 0.712082
216.000000; 0.287918; 0.712082; 0.712082; 0.712082; 0.689961; 0.712082
217.000000; 0.287918; 0.712082; 0.712082; 0.712082; 0.693563; 0.712082
218.000000; 0.287918; 0.712082; 0.712082; 0.712082; 0.692315; 0.712082
219.000000; 0.287918; 0.712082; 0.712082; 0.712082; 0.693796; 0.712082
220.000000; 0.287918; 0.712082; 0.712082; 0.712082; 0.696656; 0.712082
221.000000; 0.287918; 0.712082; 0.712082; 0.712082; 0.697096; 0.712082
222.000000; 0.287918; 0.712082; 0.712082; 0.712082; 0.693381; 0.712082
223.000000; 0.287918; 0.712082; 0.712082; 0.712082; 0.696110; 0.712082
224.000000; 0.287918; 0.712082; 0.712082; 0.712082; 0.694335; 0.712082
225.000000; 0.287918; 0.712082; 0.712082; 0.712082; 0.696098; 0.712082
226.000000; 0.287918; 0.712082; 0.712082; 0.712082; 0.690140; 0.712082
227.000000; 0.287918; 0.712082; 0.712082; 0.712082; 0.694440; 0.712082
228.000000; 0.287918; 0.712082; 0.712082; 0.712082; 0.694821; 0.712082
229.000000; 0.287918; 0.712082; 0.712082; 0.712082; 0.694890; 0.712082
230.000000; 0.287918; 0.712082; 0.712082; 0.712082; 0.000000; 0.712082
231.000000; 0.287918; 0.712082; 0.712082; 0.712082; 0.690356; 0.712082
232.000000; 0.287918; 0.712082; 0.712082; 0.712082; 0.698799; 0.712082
233.000000; 0.287918; 0.712082; 0.712082; 0.712082; 0.693329; 0.712082
234.000000; 0.287918; 0.712082; 0.712082; 0.712082; 0.693120; 0.712082
235.000000; 0.287918; 0.712082; 0.712082; 0.712082; 0.693618; 0.712082
236.000000; 0.287918; 0.712082; 0.712082; 0.712082; 0.691238; 0.712082
237.000000; 0.287918; 0.712082; 0.712082; 0.712082; 0.693161; 0.712082
238.000000; 0.287918; 0.712082; 0.712082; 0.712082; 0.694181; 0.712082
239.000000; 0.287918; 0.712082; 0.712082; 0.712082; 0.697210; 0.712082
240.000000; 0.287918; 0.712082; 0.712082; 0.712082; 0.691053; 0.712082
241.000000; 0.287918; 0.712082; 0.712082; 0.712082; 0.693288; 0.712082
242.000000; 0.287918; 0.712082; 0.712082; 0.712082; 0.692015; 0.712082
243.000000; 0.287918; 0.712082; 0.712082; 0.712082; 0.692367; 0.712082
244.000000; 0.287918; 0.712082; 0.712082; 0.712082; 0.696385; 0.712082
245.000000; 0.287918; 0.712082; 0.712082; 0.712082; 0.695912; 0.712082
246.000000; 0.287918; 0.712082; 0.712082; 0.712082; 0.693682; 0.712082
247.000000; 0.287918; 0.712082; 0.712082; 0.712082; 0.689665; 0.712082
248.000000; 0.287918; 0.712082; 0.712082; 0.712082; 0.695105; 0.712082
249.000000; 0.287918; 0.712082; 0.712082; 0.712082; 0.691963; 0.712082
250.000000; 0.287918; 0.712082; 0.712082; 0.712082; 0.695165; 0.712082
251.000000; 0.287918; 0.712082; 0.712082; 0.712082; 0.694673; 0.712082
252.000000; 0.287918; 0.712082; 0.712082; 0.712082; 0.693674; 0.712082
253.000000; 0.287918; 0.712082; 0.712082; 0.712082; 0.692156; 0.712082
254.000000; 0.287918; 0.712082; 0.712082; 0.712082; 0.000000; 0.712082
255.000000; 0.287918; 0.712082; 0.712082; 0.712082; 0.690172; 0.712082
256.000000; 0.287918; 0.712082; 0.712082; 0.712082; 0.000000; 0.712082
257.000000; 0.287918; 0.712082; 0.712082; 0.712082; 0.693858; 0.712082
258.000000; 0.287918; 0.712082; 0.712082; 0.712082; 0.693326; 0.712082
259.000000; 0.287918; 0.712082; 0.712082; 0.712082; 0.692899; 0.712082
260.000000; 0.287918; 0.712082; 0.712082; 0.712082; 0.692286; 0.712082
261.000000; 0.287918; 0.712082; 0.712082; 0.712082; 0.694673; 0.712082
262.000000; 0.287918; 0.712082; 0.712082; 0.712082; 0.694673; 0.712082
263.000000; 0.287918; 0.712082; 0.712082; 0.712082; 0.693582; 0.712082
264.000000; 0.287918; 0.712082; 0.712082; 0.712082; 0.692139; 0.712082
265.000000; 0.287918; 0.712082; 0.712082; 0.712082; 0.693327; 0.712082
266.000000; 0.287918; 0.712082; 0.712082; 0.712082; 0.692386; 0.712082
267.000000; 0.287918; 0.712082; 0.712082; 0.712082; 0.690156; 0.712082
268.000000; 0.287918; 0.712082; 0.712082; 0.712082; 0.695345; 0.712082
269.000000; 0.287918; 0.712082; 0.712082; 0.712082; 0.690996; 0.712082
270.000000; 0.287918; 0.712082; 0.712082; 0.712082; 0.694899; 0.712082
271.000000; 0.287918; 0.712082; 0.712082; 0.712082; 0.693288; 0.712082
272.000000; 0.287918; 0.712082; 0.712082; 0.712082; 0.000000; 0.712082
273.000000; 0.287918; 0.712082; 0.712082; 0.712082; 0.694899; 0.712082
274.000000; 0.287918; 0.712082; 0.712082; 0.712082; 0.693117; 0.712082
275.000000; 0.287918; 0.712082; 0.712082; 0.712082; 0.694779; 0.712082
276.000000; 0.287918; 0.712082; 0.712082; 0.712082; 0.696382; 0.712082
277.000000; 0.287918; 0.712082; 0.712082; 0.712082; 0.695099; 0.712082
278.000000; 0.287918; 0.712082; 0.712082; 0.712082; 0.696167; 0.712082
279.000000; 0.287918; 0.712082; 0.712082; 0.712082; 0.694549; 0.712082
280.000000; 0.287918; 0.712082; 0.712082; 0.712082; 0.695663; 0.712082
281.000000; 0.287918; 0.712082; 0.712082; 0.712082; 0.690785; 0.712082
282.000000; 0.287918; 0.712082; 0.712082; 0.712082; 0.694980; 0.712082
283.000000; 0.287918; 0.712082; 0.712082; 0.712082; 0.692933; 0.712082
284.000000; 0.287918; 0.712082; 0.712082; 0.712082; 0.692794; 0.712082
285.000000; 0.287918; 0.712082; 0.712082; 0.712082; 0.694801; 0.712082
286.000000; 0.287918; 0.712082; 0.712082; 0.712082; 0.696845; 0.712082
287.000000; 0.287918; 0.712082; 0.712082; 0.712082; 0.694020; 0.712082
288.000000; 0.287918; 0.712082; 0.712082; 0.712082; 0.695247; 0.712082
289.000000; 0.287918; 0.712082; 0.712082; 0.712082; 0.693288; 0.712082
290.000000; 0.287918; 0.712082; 0.712082; 0.712082; 0.693815; 0.712082
291.000000; 0.287918; 0.712082; 0.712082; 0.712082; 0.693724; 0.712082
292.000000; 0.287918; 0.712082; 0.712082; 0.712082; 0.693115; 0.712082
293.000000; 0.287918; 0.712082; 0.712082; 0.712082; 0.691128; 0.712082
294.000000; 0.287918; 0.712082; 0.712082; 0.712082; 0.695726; 0.712082
295.000000; 0.287918; 0.712082; 0.712082; 0.712082; 0.692631; 0.712082
296.000000; 0.287918; 0.712082; 0.712082; 0.712082; 0.694673; 0.712082
297.000000; 0.287918; 0.712082; 0.712082; 0.712082; 0.692251; 0.712082
298.000000; 0.287918; 0.712082; 0.712082; 0.712082; 0.694618; 0.712082
299.000000; 0.287918; 0.712082; 0.712082; 0.712082; 0.695004; 0.712082
300.000000; 0.287918; 0.712082; 0.712082; 0.712082; 0.696653; 0.712082
301.000000; 0.287918; 0.712082; 0.712082; 0.712082; 0.692775; 0.712082
302.000000; 0.287918; 0.712082; 0.712082; 0.712082; 0.691272; 0.712082
303.000000; 0.287918; 0.712082; 0.712082; 0.712082; 0.694883; 0.712082
304.000000; 0.287918; 0.712082; 0.712082; 0.712082; 0.694581; 0.712082
305.000000; 0.287918; 0.712082; 0.712082; 0.712082; 0.690478; 0.712082
306.000000; 0.287918; 0.712082; 0.712082; 0.712082; 0.693711; 0.712082
307.000000; 0.287918; 0.712082; 0.712082; 0.712082; 0.695247; 0.712082
308.000000; 0.287918; 0.712082; 0.712082; 0.712082; 0.693643; 0.712082
309.000000; 0.287918; 0.712082; 0.712082; 0.712082; 0.694880; 0.712082
310.000000; 0.287918; 0.712082; 0.712082; 0.712082; 0.694926; 0.712082
311.000000; 0.287918; 0.712082; 0.712082; 0.712082; 0.000000; 0.712082
312.000000; 0.287918; 0.712082; 0.712082; 0.712082; 0.698313; 0.712082
313.000000; 0.287918; 0.712082; 0.712082; 0.712082; 0.692784; 0.712082
314.000000; 0.287918; 0.712082; 0.712082; 0.712082; 0.693702; 0.712082
315.000000; 0.287918; 0.712082; 0.712082; 0.712082; 0.692041; 0.712082
316.000000; 0.287918; 0.712082; 0.712082; 0.712082; 0.695345; 0.712082
317.000000; 0.287918; 0.712082; 0.712082; 0.712082; 0.690033; 0.712082
318.000000; 0.287918; 0.712082; 0.712082; 0.712082; 0.693713; 0.712082
319.000000; 0.287918; 0.712082; 0.712082; 0.712082; 0.692121; 0.712082
320.000000; 0.287918; 0.712082; 0.712082; 0.712082; 0.694754; 0.712082
321.000000; 0.287918; 0.712082; 0.712082; 0.712082; 0.696845; 0.712082
322.000000; 0.287918; 0.712082; 0.712082; 0.712082; 0.692300; 0.712082
323.000000; 0.287918; 0.712082; 0.712082; 0.712082; 0.712082; 0.712082
324.000000; 0.287918; 0.712082; 0.712082; 0.712082; 0.693545; 0.712082
325.000000; 0.287918; 0.712082; 0.712082; 0.712082; 0.693916; 0.712082
326.000000; 0.287918; 0.712082; 0.712082; 0.712082; 0.692773; 0.712082
327.000000; 0.287918; 0.712082; 0.712082; 0.712082; 0.693611; 0.712082
328.000000; 0.287918; 0.712082; 0.712082; 0.712082; 0.695291; 0.712082
329.000000; 0.287918; 0.712082; 0.712082; 0.712082; 0.693582; 0.712082
330.000000; 0.287918; 0.712082; 0.712082; 0.712082; 0.694709; 0.712082
331.000000; 0.287918; 0.712082; 0.712082; 0.712082; 0.695270; 0.712082
332.000000; 0.287918; 0.712082; 0.712082; 0.712082; 0.696914; 0.712082
333.000000; 0.287918; 0.712082; 0.712082; 0.712082; 0.695580; 0.712082
334.000000; 0.287918; 0.712082; 0.712082; 0.712082; 0.690577; 0.712082
335.000000; 0.287918; 0.712082; 0.712082; 0.712082; 0.693030; 0.712082
336.000000; 0.287918; 0.712082; 0.712082; 0.712082; 0.691815; 0.712082
337.000000; 0.287918; 0.712082; 0.712082; 0.712082; 0.692646; 0.712082
338.000000; 0.287918; 0.712082; 0.712082; 0.712082; 0.692263; 0.712082
339.000000; 0.287918; 0.712082; 0.712082; 0.712082; 0.692419; 0.712082
340.000000; 0.287918; 0.712082; 0.712082; 0.712082; 0.693548; 0.712082
341.000000; 0.287918; 0.712082; 0.712082; 0.712082; 0.692996; 0.712082
342.000000; 0.287918; 0.712082; 0.712082; 0.712082; 0.694404; 0.712082
343.000000; 0.287918; 0.712082; 0.712082; 0.712082; 0.691756; 0.712082
344.000000; 0.287918; 0.712082; 0.712082; 0.712082; 0.692679; 0.712082
345.000000; 0.287918; 0.712082; 0.712082; 0.712082; 0.693431; 0.712082
346.000000; 0.287918; 0.712082; 0.712082; 0.712082; 0.695795; 0.712082
347.000000; 0.287918; 0.712082; 0.712082; 0.712082; 0.690751; 0.712082
348.000000; 0.287918; 0.712082; 0.712082; 0.712082; 0.693916; 0.712082
349.000000; 0.287918; 0.712082; 0.712082; 0.712082; 0.695663; 0.712082
350.000000; 0.287918; 0.712082; 0.712082; 0.712082; 0.693623; 0.712082
351.000000; 0.287918; 0.712082; 0.712082; 0.712082; 0.694053; 0.712082
352.000000; 0.287918; 0.712082; 0.712082; 0.712082; 0.692034; 0.712082
353.000000; 0.287918; 0.712082; 0.712082; 0.712082; 0.693550; 0.712082
354.000000; 0.287918; 0.712082; 0.712082; 0.712082; 0.695562; 0.712082
355.000000; 0.287918; 0.712082; 0.712082; 0.712082; 0.697913; 0.712082
356.000000; 0.287918; 0.712082; 0.712082; 0.712082; 0.694620; 0.712082
357.000000; 0.287918; 0.712082; 0.712082; 0.712082; 0.690851; 0.712082
358.000000; 0.287918; 0.712082; 0.712082; 0.712082; 0.692583; 0.712082
359.000000; 0.287918; 0.712082; 0.712082; 0.712082; 0.694629; 0.712082
360.000000; 0.287918; 0.712082; 0.712082; 0.712082; 0.691014; 0.712082
361.000000; 0.287918; 0.712082; 0.712082; 0.712082; 0.691668; 0.712082
362.000000; 0.287918; 0.712082; 0.712082; 0.712082; 0.692446; 0.712082
363.000000; 0.287918; 0.712082; 0.712082; 0.712082; 0.695105; 0.712082
364.000000; 0.287918; 0.712082; 0.712082; 0.712082; 0.698237; 0.712082
365.000000; 0.287918; 0.712082; 0.712082; 0.712082; 0.692149; 0.712082
366.000000; 0.287918; 0.712082; 0.712082; 0.712082; 0.696744; 0.712082
367.000000; 0.287918; 0.712082; 0.712082; 0.712082; 0.000000; 0.712082
368.000000; 0.287918; 0.712082; 0.712082; 0.712082; 0.693053; 0.712082
369.000000; 0.287918; 0.712082; 0.712082; 0.712082; 0.695712; 0.712082
370.000000; 0.287918; 0.712082; 0.712082; 0.712082; 0.692419; 0.712082
371.000000; 0.287918; 0.712082; 0.712082; 0.712082; 0.000000; 0.712082
372.000000; 0.287918; 0.712082; 0.712082; 0.712082; 0.693370; 0.712082
373.000000; 0.287918; 0.712082; 0.712082; 0.712082; 0.000000; 0.712082
374.000000; 0.287918; 0.712082; 0.712082; 0.712082; 0.695345; 0.712082
375.000000; 0.287918; 0.712082; 0.712082; 0.712082; 0.691607; 0.712082
376.000000; 0.287918; 0.712082; 0.712082; 0.712082; 0.694825; 0.712082
377.000000; 0.287918; 0.712082; 0.712082; 0.712082; 0.690251; 0.712082
378.000000; 0.287918; 0.712082; 0.712082; 0.712082; 0.694911; 0.712082
379.000000; 0.287918; 0.712082; 0.712082; 0.712082; 0.695445; 0.712082
380.000000; 0.287918; 0.712082; 0.712082; 0.712082; 0.693061; 0.712082
381.000000; 0.287918; 0.712082; 0.712082; 0.712082; 0.694579; 0.712082
382.000000; 0.287918; 0.712082; 0.712082; 0.712082; 0.693323; 0.712082
383.000000; 0.287918; 0.712082; 0.712082; 0.712082; 0.692908; 0.712082
384.000000; 0.287918; 0.712082; 0.712082; 0.712082; 0.692295; 0.712082
385.000000; 0.287918; 0.712082; 0.712082; 0.712082; 0.691661; 0.712082
386.000000; 0.287918; 0.712082; 0.712082; 0.712082; 0.691246; 0.712082
387.000000; 0.287918; 0.712082; 0.712082; 0.712082; 0.693182; 0.712082
388.000000; 0.287918; 0.712082; 0.712082; 0.712082; 0.694673; 0.712082
389.000000; 0.287918; 0.712082; 0.712082; 0.712082; 0.692142; 0.712082
390.000000; 0.287918; 0.712082; 0.712082; 0.712082; 0.691384; 0.712082
391.000000; 0.287918; 0.712082; 0.712082; 0.712082; 0.692168; 0.712082
392.000000; 0.287918; 0.712082; 0.712082; 0.712082; 0.690540; 0.712082
393.000000; 0.287918; 0.712082; 0.712082; 0.712082; 0.691147; 0.712082
394.000000; 0.287918; 0.712082; 0.712082; 0.712082; 0.696036; 0.712082
395.000000; 0.287918; 0.712082; 0.712082; 0.712082; 0.693154; 0.712082
396.000000; 0.287918; 0.712082; 0.712082; 0.712082; 0.692342; 0.712082
397.000000; 0.287918; 0.712082; 0.712082; 0.712082; 0.691163; 0.712082
398.000000; 0.287918; 0.712082; 0.712082; 0.712082; 0.691922; 0.712082
399.000000; 0.287918; 0.712082; 0.712082; 0.712082; 0.695345; 0.712082
400.000000; 0.287918; 0.712082; 0.712082; 0.712082; 0.689844; 0.712082
401.000000; 0.287918; 0.712082; 0.712082; 0.712082; 0.692524; 0.712082
402.000000; 0.287918; 0.712082; 0.712082; 0.712082; 0.696497; 0.712082
403.000000; 0.287918; 0.712082; 0.712082; 0.712082; 0.695402; 0.712082
404.000000; 0.287918; 0.712082; 0.712082; 0.712082; 0.696086; 0.712082
405.000000; 0.287918; 0.712082; 0.712082; 0.712082; 0.692280; 0.712082
406.000000; 0.287918; 0.712082; 0.712082; 0.712082; 0.693021; 0.712082
407.000000; 0.287918; 0.712082; 0.712082; 0.712082; 0.694501; 0.712082
408.000000; 0.287918; 0.712082; 0.712082; 0.712082; 0.692251; 0.712082
409.000000; 0.287918; 0.712082; 0.712082; 0.712082; 0.696744; 0.712082
410.000000; 0.287918; 0.712082; 0.712082; 0.712082; 0.695345; 0.712082
411.000000; 0.287918; 0.712082; 0.712082; 0.712082; 0.698243; 0.712082
412.000000; 0.287918; 0.712082; 0.712082; 0.712082; 0.695039; 0.712082
413.000000; 0.287918; 0.712082; 0.712082; 0.712082; 0.694965; 0.712082
414.000000; 0.287918; 0.712082; 0.712082; 0.712082; 0.692956; 0.712082
415.000000; 0.287918; 0.712082; 0.712082; 0.712082; 0.692409; 0.712082
416.000000; 0.287918; 0.712082; 0.712082; 0.712082; 0.690607; 0.712082
417.000000; 0.287918; 0.712082; 0.712082; 0.712082; 0.695127; 0.712082
418.000000; 0.287918; 0.712082; 0.712082; 0.712082; 0.697258; 0.712082
419.000000; 0.287918; 0.712082; 0.712082; 0.712082; 0.692140; 0.712082
420.000000; 0.287918; 0.712082; 0.712082; 0.712082; 0.691725; 0.712082
421.000000; 0.287918; 0.712082; 0.712082; 0.712082; 0.692928; 0.712082
422.000000; 0.287918; 0.712082; 0.712082; 0.712082; 0.693968; 0.712082
423.000000; 0.287918; 0.712082; 0.712082; 0.712082; 0.691467; 0.712082
424.000000; 0.287918; 0.712082; 0.712082; 0.712082; 0.692327; 0.712082
425.000000; 0.287918; 0.712082; 0.712082; 0.712082; 0.691520; 0.712082
426.000000; 0.287918; 0.712082; 0.712082; 0.712082; 0.691258; 0.712082
427.000000; 0.287918; 0.712082; 0.712082; 0.712082; 0.693702; 0.712082
428.000000; 0.287918; 0.712082; 0.712082; 0.712082; 0.692843; 0.712082
429.000000; 0.287918; 0.712082; 0.712082; 0.712082; 0.695726; 0.712082
430.000000; 0.287918; 0.712082; 0.712082; 0.712082; 0.693265; 0.712082
431.000000; 0.287918; 0.712082; 0.712082; 0.712082; 0.692525; 0.712082
432.000000; 0.287918; 0.712082; 0.712082; 0.712082; 0.692746; 0.712082
433.000000; 0.287918; 0.712082; 0.712082; 0.712082; 0.690712; 0.712082
434.000000; 0.287918; 0.712082; 0.712082; 0.712082; 0.692454; 0.712082
435.000000; 0.287918; 0.712082; 0.712082; 0.712082; 0.693829; 0.712082
436.000000; 0.287918; 0.712082; 0.712082; 0.712082; 0.691422; 0.712082
437.000000; 0.287918; 0.712082; 0.712082; 0.712082; 0.692112; 0.712082
438.000000; 0.287918; 0.712082; 0.712082; 0.712082; 0.694697; 0.712082
439.000000; 0.287918; 0.712082; 0.712082; 0.712082; 0.694528; 0.712082
440.000000; 0.287918; 0.712082; 0.712082; 0.712082; 0.694308; 0.712082
441.000000; 0.287918; 0.712082; 0.712082; 0.712082; 0.695612; 0.712082
442.000000; 0.287918; 0.712082; 0.712082; 0.712082; 0.693533; 0.712082
443.000000; 0.287918; 0.712082; 0.712082; 0.712082; 0.694899; 0.712082
444.000000; 0.287918; 0.712082; 0.712082; 0.712082; 0.693243; 0.712082
445.000000; 0.287918; 0.712082; 0.712082; 0.712082; 0.692933; 0.712082
446.000000; 0.287918; 0.712082; 0.712082; 0.712082; 0.695126; 0.712082
447.000000; 0.287918; 0.712082; 0.712082; 0.712082; 0.694282; 0.712082
448.000000; 0.287918; 0.712082; 0.712082; 0.712082; 0.691503; 0.712082
449.000000; 0.287918; 0.712082; 0.712082; 0.712082; 0.695345; 0.712082
450.000000; 0.287918; 0.712082; 0.712082; 0.712082; 0.695803; 0.712082
451.000000; 0.287918; 0.712082; 0.712082; 0.712082; 0.691659; 0.712082
452.000000; 0.287918; 0.712082; 0.712082; 0.712082; 0.695969; 0.712082
453.000000; 0.287918; 0.712082; 0.712082; 0.712082; 0.696846; 0.712082
454.000000; 0.287918; 0.712082; 0.712082; 0.712082; 0.694416; 0.712082
455.000000; 0.287918; 0.712082; 0.712082; 0.712082; 0.692058; 0.712082
456.000000; 0.287918; 0.712082; 0.712082; 0.712082; 0.694790; 0.712082
457.000000; 0.287918; 0.712082; 0.712082; 0.712082; 0.697564; 0.712082
458.000000; 0.287918; 0.712082; 0.712082; 0.712082; 0.693059; 0.712082
459.000000; 0.287918; 0.712082; 0.712082; 0.712082; 0.693956; 0.712082
460.000000; 0.287918; 0.712082; 0.712082; 0.712082; 0.692906; 0.712082
461.000000; 0.287918; 0.712082; 0.712082; 0.712082; 0.696744; 0.712082
462.000000; 0.287918; 0.712082; 0.712082; 0.712082; 0.695562; 0.712082
463.000000; 0.287918; 0.712082; 0.712082; 0.712082; 0.698283; 0.712082
464.000000; 0.287918; 0.712082; 0.712082; 0.712082; 0.694362; 0.712082
465.000000; 0.287918; 0.712082; 0.712082; 0.712082; 0.691572; 0.712082
466.000000; 0.287918; 0.712082; 0.712082; 0.712082; 0.694393; 0.712082
467.000000; 0.287918; 0.712082; 0.712082; 0.712082; 0.692785; 0.712082
468.000000; 0.287918; 0.712082; 0.712082; 0.712082; 0.696913; 0.712082
469.000000; 0.287918; 0.712082; 0.712082; 0.712082; 0.690813; 0.712082
470.000000; 0.287918; 0.712082; 0.712082; 0.712082; 0.696768; 0.712082
471.000000; 0.287918; 0.712082; 0.712082; 0.712082; 0.694965; 0.712082
472.000000; 0.287918; 0.712082; 0.712082; 0.712082; 0.000000; 0.712082
473.000000; 0.287918; 0.712082; 0.712082; 0.712082; 0.694673; 0.712082
474.000000; 0.287918; 0.712082; 0.712082; 0.712082; 0.689482; 0.712082
475.000000; 0.287918; 0.712082; 0.712082; 0.712082; 0.695345; 0.712082
476.000000; 0.287918; 0.712082; 0.712082; 0.712082; 0.695305; 0.712082
477.000000; 0.287918; 0.712082; 0.712082; 0.712082; 0.694314; 0.712082
478.000000; 0.287918; 0.712082; 0.712082; 0.712082; 0.696247; 0.712082
479.000000; 0.287918; 0.712082; 0.712082; 0.712082; 0.695562; 0.712082
480.000000; 0.287918; 0.712082; 0.712082; 0.712082; 0.693472; 0.712082
481.000000; 0.287918; 0.712082; 0.712082; 0.712082; 0.690842; 0.712082
482.000000; 0.287918; 0.712082; 0.712082; 0.712082; 0.697235; 0.712082
483.000000; 0.287918; 0.712082; 0.712082; 0.712082; 0.694117; 0.712082
484.000000; 0.287918; 0.712082; 0.712082; 0.712082; 0.694229; 0.712082
485.000000; 0.287918; 0.712082; 0.712082; 0.712082; 0.694199; 0.712082
486.000000; 0.287918; 0.712082; 0.712082; 0.712082; 0.692362; 0.712082
487.000000; 0.287918; 0.712082; 0.712082; 0.712082; 0.693918; 0.712082
488.000000; 0.287918; 0.712082; 0.712082; 0.712082; 0.691938; 0.712082
489.000000; 0.287918; 0.712082; 0.712082; 0.712082; 0.691163; 0.712082
490.000000; 0.287918; 0.712082; 0.712082; 0.712082; 0.693366; 0.712082
491.000000; 0.287918; 0.712082; 0.712082; 0.712082; 0.693251; 0.712082
492.000000; 0.287918; 0.712082; 0.712082; 0.712082; 0.696744; 0.712082
493.000000; 0.287918; 0.712082; 0.712082; 0.712082; 0.694006; 0.712082
494.000000; 0.287918; 0.712082; 0.712082; 0.712082; 0.689070; 0.712082
495.000000; 0.287918; 0.712082; 0.712082; 0.712082; 0.693857; 0.712082
496.000000; 0.287918; 0.712082; 0.712082; 0.712082; 0.694880; 0.712082
497.000000; 0.287918; 0.712082; 0.712082; 0.712082; 0.690142; 0.712082
498.000000; 0.287918; 0.712082; 0.712082; 0.712082; 0.694955; 0.712082
499.000000; 0.287918; 0.712082; 0.712082; 0.712082; 0.694865; 0.712082
500.000000; 0.287918; 0.712082; 0.712082; 0.712082; 0.693671; 0.712082
501.000000; 0.287918; 0.712082; 0.712082; 0.712082; 0.694638; 0.712082
502.000000; 0.287918; 0.712082; 0.712082; 0.712082; 0.692777; 0.712082
503.000000; 0.287918; 0.712082; 0.712082; 0.712082; 0.697913; 0.712082
504.000000; 0.287918; 0.712082; 0.712082; 0.712082; 0.691328; 0.712082
505.000000; 0.287918; 0.712082; 0.712082; 0.712082; 0.692024; 0.712082
506.000000; 0.287918; 0.712082; 0.712082; 0.712082; 0.692994; 0.712082
507.000000; 0.287918; 0.712082; 0.712082; 0.712082; 0.695345; 0.712082
508.000000; 0.287918; 0.712082; 0.712082; 0.712082; 0.694368; 0.712082
509.000000; 0.287918; 0.712082; 0.712082; 0.712082; 0.691313; 0.712082
510.000000; 0.287918; 0.712082; 0.712082; 0.712082; 0.691133; 0.712082
511.000000; 0.287918; 0.712082; 0.712082; 0.712082; 0.692955; 0.712082
512.000000; 0.287918; 0.712082; 0.712082; 0.712082; 0.690982; 0.712082
513.000000; 0.287918; 0.712082; 0.712082; 0.712082; 0.693682; 0.712082
514.000000; 0.287918; 0.712082; 0.712082; 0.712082; 0.693943; 0.712082
515.000000; 0.287918; 0.712082; 0.712082; 0.712082; 0.694008; 0.712082
516.000000; 0.287918; 0.712082; 0.712082; 0.712082; 0.693760; 0.712082
517.000000; 0.287918; 0.712082; 0.712082; 0.712082; 0.000000; 0.712082
518.000000; 0.287918; 0.712082; 0.712082; 0.712082; 0.692879; 0.712082
519.000000; 0.287918; 0.712082; 0.712082; 0.712082; 0.692559; 0.712082
520.000000; 0.287918; 0.712082; 0.712082; 0.712082; 0.695345; 0.712082
521.000000; 0.287918; 0.712082; 0.712082; 0.712082; 0.693827; 0.712082
522.000000; 0.287918; 0.712082; 0.712082; 0.712082; 0.692524; 0.712082
523.000000; 0.287918; 0.712082; 0.712082; 0.712082; 0.693478; 0.712082
524.000000; 0.287918; 0.712082; 0.712082; 0.712082; 0.693991; 0.712082
525.000000; 0.287918; 0.712082; 0.712082; 0.712082; 0.690537; 0.712082
526.000000; 0.287918; 0.712082; 0.712082; 0.712082; 0.693703; 0.712082
527.000000; 0.287918; 0.712082; 0.712082; 0.712082; 0.694217; 0.712082
528.000000; 0.287918; 0.712082; 0.712082; 0.712082; 0.691853; 0.712082
529.000000; 0.287918; 0.712082; 0.712082; 0.712082; 0.693331; 0.712082
530.000000; 0.287918; 0.712082; 0.712082; 0.712082; 0.693240; 0.712082
531.000000; 0.287918; 0.712082; 0.712082; 0.712082; 0.694525; 0.712082
532.000000; 0.287918; 0.712082; 0.712082; 0.712082; 0.000000; 0.712082
533.000000; 0.287918; 0.712082; 0.712082; 0.712082; 0.696768; 0.712082
534.000000; 0.287918; 0.712082; 0.712082; 0.712082; 0.696445; 0.712082
535.000000; 0.287918; 0.712082; 0.712082; 0.712082; 0.694009; 0.712082
536.000000; 0.287918; 0.712082; 0.712082; 0.712082; 0.691866; 0.712082
537.000000; 0.287918; 0.712082; 0.712082; 0.712082; 0.693755; 0.712082
538.000000; 0.287918; 0.712082; 0.712082; 0.712082; 0.694700; 0.712082
539.000000; 0.287918; 0.712082; 0.712082; 0.712082; 0.698512; 0.712082
540.000000; 0.287918; 0.712082; 0.712082; 0.712082; 0.692146; 0.712082
541.000000; 0.287918; 0.712082; 0.712082; 0.712082; 0.000000; 0.712082
542.000000; 0.287918; 0.712082; 0.712082; 0.712082; 0.692333; 0.712082
543.000000; 0.287918; 0.712082; 0.712082; 0.712082; 0.691421; 0.712082
544.000000; 0.287918; 0.712082; 0.712082; 0.712082; 0.693302; 0.712082
545.000000; 0.287918; 0.712082; 0.712082; 0.712082; 0.692851; 0.712082
546.000000; 0.287918; 0.712082; 0.712082; 0.712082; 0.694561; 0.712082
547.000000; 0.287918; 0.712082; 0.712082; 0.712082; 0.692527; 0.712082
548.000000; 0.287918; 0.712082; 0.712082; 0.712082; 0.694819; 0.712082
549.000000; 0.287918; 0.712082; 0.712082; 0.712082; 0.691507; 0.712082
550.000000; 0.287918; 0.712082; 0.712082; 0.712082; 0.693193; 0.712082
551.000000; 0.287918; 0.712082; 0.712082; 0.712082; 0.696060; 0.712082
552.000000; 0.287918; 0.712082; 0.712082; 0.712082; 0.695312; 0.712082
553.000000; 0.287918; 0.712082; 0.712082; 0.712082; 0.694336; 0.712082
554.000000; 0.287918; 0.712082; 0.712082; 0.712082; 0.696905; 0.712082
555.000000; 0.287918; 0.712082; 0.712082; 0.712082; 0.695433; 0.712082
556.000000; 0.287918; 0.712082; 0.712082; 0.712082; 0.691520; 0.712082
557.000000; 0.287918; 0.712082; 0.712082; 0.712082; 0.695685; 0.712082
558.000000; 0.287918; 0.712082; 0.712082; 0.712082; 0.691135; 0.712082
559.000000; 0.287918; 0.712082; 0.712082; 0.712082; 0.694630; 0.712082
560.000000; 0.287918; 0.712082; 0.712082; 0.712082; 0.690796; 0.712082
561.000000; 0.287918; 0.712082; 0.712082; 0.712082; 0.694925; 0.712082
562.000000; 0.287918; 0.712082; 0.712082; 0.712082; 0.698475; 0.712082
563.000000; 0.287918; 0.712082; 0.712082; 0.712082; 0.692454; 0.712082
564.000000; 0.287918; 0.712082; 0.712082; 0.712082; 0.693204; 0.712082
565.000000; 0.287918; 0.712082; 0.712082; 0.712082; 0.694877; 0.712082
566.000000; 0.287918; 0.712082; 0.712082; 0.712082; 0.698908; 0.712082
567.000000; 0.287918; 0.712082; 0.712082; 0.712082; 0.694093; 0.712082
568.000000; 0.287918; 0.712082; 0.712082; 0.712082; 0.692194; 0.712082
569.000000; 0.287918; 0.712082; 0.712082; 0.712082; 0.694163; 0.712082
570.000000; 0.287918; 0.712082; 0.712082; 0.712082; 0.692444; 0.712082
571.000000; 0.287918; 0.712082; 0.712082; 0.712082; 0.694734; 0.712082
572.000000; 0.287918; 0.712082; 0.712082; 0.712082; 0.000000; 0.712082
573.000000; 0.287918; 0.712082; 0.712082; 0.712082; 0.692511; 0.712082
574.000000; 0.287918; 0.712082; 0.712082; 0.712082; 0.695168; 0.712082
575.000000; 0.287918; 0.712082; 0.712082; 0.712082; 0.694038; 0.712082
576.000000; 0.287918; 0.712082; 0.712082; 0.712082; 0.693143; 0.712082
577.000000; 0.287918; 0.712082; 0.712082; 0.712082; 0.694020; 0.712082
578.000000; 0.287918; 0.712082; 0.712082; 0.712082; 0.694501; 0.712082
579.000000; 0.287918; 0.712082; 0.712082; 0.712082; 0.694037; 0.712082
580.000000; 0.287918; 0.712082; 0.712082; 0.712082; 0.690575; 0.712082
581.000000; 0.287918; 0.712082; 0.712082; 0.712082; 0.000000; 0.712082
582.000000; 0.287918; 0.712082; 0.712082; 0.712082; 0.692773; 0.712082
583.000000; 0.287918; 0.712082; 0.712082; 0.712082; 0.691921; 0.712082
584.000000; 0.287918; 0.712082; 0.712082; 0.712082; 0.699677; 0.712082
585.000000; 0.287918; 0.712082; 0.712082; 0.712082; 0.696744; 0.712082
586.000000; 0.287918; 0.712082; 0.712082; 0.712082; 0.692784; 0.712082
587.000000; 0.287918; 0.712082; 0.712082; 0.712082; 0.693540; 0.712082
588.000000; 0.287918; 0.712082; 0.712082; 0.712082; 0.692180; 0.712082
589.000000; 0.287918; 0.712082; 0.712082; 0.712082; 0.692167; 0.712082
590.000000; 0.287918; 0.712082; 0.712082; 0.712082; 0.694201; 0.712082
591.000000; 0.287918; 0.712082; 0.712082; 0.712082; 0.691339; 0.712082
592.000000; 0.287918; 0.712082; 0.712082; 0.712082; 0.000000; 0.712082
593.000000; 0.287918; 0.712082; 0.712082; 0.712082; 0.693943; 0.712082
594.000000; 0.287918; 0.712082; 0.712082; 0.712082; 0.692207; 0.712082
595.000000; 0.287918; 0.712082; 0.712082; 0.712082; 0.693724; 0.712082
596.000000; 0.287918; 0.712082; 0.712082; 0.712082; 0.692754; 0.712082
597.000000; 0.287918; 0.712082; 0.712082; 0.712082; 0.692863; 0.712082
598.000000; 0.287918; 0.712082; 0.712082; 0.712082; 0.693547; 0.712082
599.000000; 0.287918; 0.712082; 0.712082; 0.712082; 0.696208; 0.712082
600.000000; 0.287918; 0.712082; 0.712082; 0.712082; 0.693030; 0.712082
601.000000; 0.287918; 0.712082; 0.712082; 0.712082; 0.695238; 0.712082
602.000000; 0.287918; 0.712082; 0.712082; 0.712082; 0.692540; 0.712082
603.000000; 0.287918; 0.712082; 0.712082; 0.712082; 0.691276; 0.712082
604.000000; 0.287918; 0.712082; 0.712082; 0.712082; 0.695631; 0.712082
605.000000; 0.287918; 0.712082; 0.712082; 0.712082; 0.695206; 0.712082
606.000000; 0.287918; 0.712082; 0.712082; 0.712082; 0.695571; 0.712082
607.000000; 0.287918; 0.712082; 0.712082; 0.712082; 0.691763; 0.712082
608.000000; 0.287918; 0.712082; 0.712082; 0.712082; 0.694899; 0.712082
609.000000; 0.287918; 0.712082; 0.712082; 0.712082; 0.697920; 0.712082
610.000000; 0.287918; 0.712082; 0.712082; 0.712082; 0.693030; 0.712082
611.000000; 0.287918; 0.712082; 0.712082; 0.712082; 0.694673; 0.712082
612.000000; 0.287918; 0.712082; 0.712082; 0.712082; 0.693769; 0.712082
613.000000; 0.287918; 0.712082; 0.712082; 0.712082; 0.693513; 0.712082
614.000000; 0.287918; 0.712082; 0.712082; 0.712082; 0.692754; 0.712082
615.000000; 0.287918; 0.712082; 0.712082; 0.712082; 0.000000; 0.712082
616.000000; 0.287918; 0.712082; 0.712082; 0.712082; 0.693818; 0.712082
617.000000; 0.287918; 0.712082; 0.712082; 0.712082; 0.692099; 0.712082
618.000000; 0.287918; 0.712082; 0.712082; 0.712082; 0.693975; 0.712082
619.000000; 0.287918; 0.712082; 0.712082; 0.712082; 0.695175; 0.712082
620.000000; 0.287918; 0.712082; 0.712082; 0.712082; 0.694913; 0.712082
621.000000; 0.287918; 0.712082; 0.712082; 0.712082; 0.694922; 0.712082
622.000000; 0.287918; 0.712082; 0.712082; 0.712082; 0.695562; 0.712082
623.000000; 0.287918; 0.712082; 0.712082; 0.712082; 0.696805; 0.712082
624.000000; 0.287918; 0.712082; 0.712082; 0.712082; 0.695415; 0.712082
625.000000; 0.287918; 0.712082; 0.712082; 0.712082; 0.691839; 0.712082
626.000000; 0.287918; 0.712082; 0.712082; 0.712082; 0.689155; 0.712082
627.000000; 0.287918; 0.712082; 0.712082; 0.712082; 0.694448; 0.712082
628.000000; 0.287918; 0.712082; 0.712082; 0.712082; 0.692913; 0.712082
629.000000; 0.287918; 0.712082; 0.712082; 0.712082; 0.695415; 0.712082
630.000000; 0.287918; 0.712082; 0.712082; 0.712082; 0.693145; 0.712082
631.000000; 0.287918; 0.712082; 0.712082; 0.712082; 0.694404; 0.712082
632.000000; 0.287918; 0.712082; 0.712082; 0.712082; 0.694321; 0.712082
633.000000; 0.287918; 0.712082; 0.712082; 0.712082; 0.693929; 0.712082
634.000000; 0.287918; 0.712082; 0.712082; 0.712082; 0.695266; 0.712082
635.000000; 0.287918; 0.712082; 0.712082; 0.712082; 0.695559; 0.712082
636.000000; 0.287918; 0.712082; 0.712082; 0.712082; 0.695922; 0.712082
637.000000; 0.287918; 0.712082; 0.712082; 0.712082; 0.694165; 0.712082
638.000000; 0.287918; 0.712082; 0.712082; 0.712082; 0.693038; 0.712082
639.000000; 0.287918; 0.712082; 0.712082; 0.712082; 0.696545; 0.712082
640.000000; 0.287918; 0.712082; 0.712082; 0.712082; 0.695390; 0.712082
641.000000; 0.287918; 0.712082; 0.712082; 0.712082; 0.691159; 0.712082
642.000000; 0.287918; 0.712082; 0.712082; 0.712082; 0.694837; 0.712082
643.000000; 0.287918; 0.712082; 0.712082; 0.712082; 0.692212; 0.712082
644.000000; 0.287918; 0.712082; 0.712082; 0.712082; 0.693375; 0.712082
645.000000; 0.287918; 0.712082; 0.712082; 0.712082; 0.694038; 0.712082
646.000000; 0.287918; 0.712082; 0.712082; 0.712082; 0.690547; 0.712082
647.000000; 0.287918; 0.712082; 0.712082; 0.712082; 0.692718; 0.712082
648.000000; 0.287918; 0.712082; 0.712082; 0.712082; 0.000000; 0.712082
649.000000; 0.287918; 0.712082; 0.712082; 0.712082; 0.693046; 0.712082
650.000000; 0.287918; 0.712082; 0.712082; 0.712082; 0.697913; 0.712082
651.000000; 0.287918; 0.712082; 0.712082; 0.712082; 0.697690; 0.712082
652.000000; 0.287918; 0.712082; 0.712082; 0.712082; 0.692164; 0.712082
653.000000; 0.287918; 0.712082; 0.712082; 0.712082; 0.000000; 0.712082
654.000000; 0.287918; 0.712082; 0.712082; 0.712082; 0.696385; 0.712082
655.000000; 0.287918; 0.712082; 0.712082; 0.712082; 0.694685; 0.712082
656.000000; 0.287918; 0.712082; 0.712082; 0.712082; 0.694083; 0.712082
657.000000; 0.287918; 0.712082; 0.712082; 0.712082; 0.694404; 0.712082
658.000000; 0.287918; 0.712082; 0.712082; 0.712082; 0.696487; 0.712082
659.000000; 0.287918; 0.712082; 0.712082; 0.712082; 0.693577; 0.712082
660.000000; 0.287918; 0.712082; 0.712082; 0.712082; 0.697947; 0.712082
661.000000; 0.287918; 0.712082; 0.712082; 0.712082; 0.000000; 0.712082
662.000000; 0.287918; 0.712082; 0.712082; 0.712082; 0.690707; 0.712082
663.000000; 0.287918; 0.712082; 0.712082; 0.712082; 0.693765; 0.712082
664.000000; 0.287918; 0.712082; 0.712082; 0.712082; 0.694623; 0.712082
665.000000; 0.287918; 0.712082; 0.712082; 0.712082; 0.691720; 0.712082
666.000000; 0.287918; 0.712082; 0.712082; 0.712082; 0.692384; 0.712082
667.000000; 0.287918; 0.712082; 0.712082; 0.712082; 0.692930; 0.712082
668.000000; 0.287918; 0.712082; 0.712082; 0.712082; 0.695165; 0.712082
669.000000; 0.287918; 0.712082; 0.712082; 0.712082; 0.694869; 0.712082
670.000000; 0.287918; 0.712082; 0.712082; 0.712082; 0.696385; 0.712082
671.000000; 0.287918; 0.712082; 0.712082; 0.712082; 0.693473; 0.712082
672.000000; 0.287918; 0.712082; 0.712082; 0.712082; 0.693065; 0.712082
673.000000; 0.287918; 0.712082; 0.712082; 0.712082; 0.694223; 0.712082
674.000000; 0.287918; 0.712082; 0.712082; 0.712082; 0.694623; 0.712082
